size,bubblesort,fft,matrix-mult
2,0.883719,0.909355,0.535579
4,0.915453,0.929546,0.535632
8,0.953900,0.939888,0.535748
16,0.953853,0.949662,0.535858