size,bubblesort,fft,matrix-mult
2,0.913719,0.819355,0.985579
4,0.935453,0.869546,1.05632
8,0.933900,0.919888,1.115748
16,0.953853,0.949662,1.205858