size,bubblesort,fft,binary-search
2,0.883719,0.909355,0.535579
4,0.883753,0.909546,0.535632
8,0.883900,0.909888,0.535748
16,0.883853,0.909662,0.535858