size,bubblesort,fft,binary-search
2,0.012200,0.011788,0.011213
4,0.012200,0.011786,0.011212
8,0.012198,0.011781,0.011209
16,0.012198,0.011784,0.011207