size,bubblesort,fft,matrix-mult
2,0.883719,0.909355,0.985579
4,0.915453,0.929546,1.05632
8,0.953900,0.939888,1.115748
16,0.953853,0.949662,1.205858