buffer-size,bubblesort,fft,matrix-mult
8,0.936517,0.820118,0.984608
16,0.9424,0.863378,1.164003
32,0.932303,0.940374,1.209515
64,0.948853,0.943662,1.205858