buffer-size,bubblesort,fft,binary-search
8,0.013708,0.013071,0.011233
16,0.012251,0.011866,0.011246
32,0.012220,0.011827,0.011193
64 (fixa),0.012198,0.011784,0.011207